{
    "loss": 1.0987595319747925,
    "accuracy": 0.8572723269462585
}