{
    "loss": 1.011460304260254,
    "accuracy": 0.8509288430213928
}