{
    "loss": 1.1770999431610107,
    "accuracy": 0.842319905757904
}