{
    "loss": 1.1299210786819458,
    "accuracy": 0.8441323041915894
}